Nombre de la receta, Dificultad
Tarta Morzart, Media
Tarta mimosa, Media
Tarta de mandarinas, Baja
Tarta Opera, Alta
Tarta Fraisier, Media
Tarta de aguacate, Media
Tarta de pizza, Media
Tarta de humita, Media
Tarta de higos, Baja
Tarta de esparragos, Media
Tarta de choclo, Media
Tarta de espinacas, Baja
Tarta de castaña, Baja
Tarta del abuelo, Baja
Tarta Sachr, Media
Tarta Mikado, Baja
Tarta de salmon, N/A
Tarta de Pancho, Media
Tarta de brocoli, Media
Tarta de Oreo, Baja
Tarta fondant, N/A
Tarta de maracuya, N/A
Tarta de galletas, Medio
Tarta de durazno, Baja
Tarta de cumpleaños, Media
Tarta de zucchini, Baja
Tarta de frutillas, Media
Tarta de calabaza, Baja
Tarta cerebro para Hallowen, N/A
Tarta de Hallowen para niños, N/A
Masa de Tarta con galletas, Muy baja
Tarta de crema galesa, Baja
Tarta de queso fitnnes, Baja
Tarta de calabaza y choclo, Baja
Tarta de queso saludable, Baja
Tarta de zapallo ligth, Baja
Tarta de caramelo y galletas, Baja
Tarta de mandarina y chocolate, Media
Tarta limon sin queso, Baja
Tarta de batata salada, Baja
Tarta de carne y choclo, Baja
Tarta de manzana crujiente, Baja
Tarta de KitKat, Media
Tarta de petit suisse, Baja
Tarta de crema pastelera, Baja
Tarta espiral de manzana, Media
Tarta de repollitos de brucelas, Baja
Tarta cementerio para Hallowen, N/A
Tarta de Santiago con chocolate, Baja
Tarta de manzana con crumble, Baja
Tarta de zapallitos y choclo, Baja
Tarta de atun y espinacas, Baja
Tarta de ricota y naranja, Baja
Tarta de ricota salada, Media
Tarta de ccuajada y sobaos, Baja
Tarta de atun y choclo, Medio
Tarta de castañas y queso, Baja
Tarta de calabaza sin horno, Media
Tarta de melocoton en almibar, Media
Tarta de manzana sin azucar, Baja
Tarta de hojaldre y chocolate, Baja
Tarta de arroz con leche, Media
Tarta de leche condensada, Baja
Tarta de pan duro, Media
Tarta de yogur y fresas, Baja
Tarta de queso y limon, Baja
Tarta tatin de manzana, Media
Tarta de nata y coajada, Baja
Tarta de almendras de la abuela, Media
Tarta de almendra casera, Baja
Tarta de turron y chocolate, N/A
Tarta de dulce de leche, Baja
Tarta de frutos rojos, Media
Tarta de chocolate sin horno, Baja
Masa de tarta dulce, Baja
Tarta de chocolate con cuajada, Baja
Tarta de yogur griego, Baja
Tarta de 3 chocolates, Baja
Tarta de calabaza y queso, Baja
Masa para tartas saladas, Baja
Tarta de queso con cuajada, Media
Tarta de queso al horno, Baja
Tarta de zanahoria y coco, Baja
Tarta de yogur sin horno, Baja
Tarta de turron sin horno, Media
Tarta de panna cotta, Baja
Tarta de nutella y galletas, Baja
Tarta de queso fria, Baja
Tarta de chocolate vegana, Baja
Tarta vegana de frambuesa, Media
Tarta mousse de chocolate, Baja
Tarta de galletas y cafe, Baja
Tarta de queso ricotta, Baja
Tarta de frutas vegana, Baja
Tarta de boniato y chocolate, Baja
Tarta de manzana sin hojaldre, Baja
Masa para tarta integral, Baja
Tarta de chocolate y aguacate, Baja
Tarta tatin de platano, Baja
Tarta de chocolate con profiteroles, Media
Tarta con capas de bizcocho, Media
Tarta de humita y espinaca, Media
Tarta de oreo vegana, Media
Tarta de manzana de biscocho, Baja
Tarta de limon en vasitos, Baja
Relleno de fresa para tartas, Baja
Tarta de manzana y sidra, Baja
Tarta de calabaza y espinaca, Baja
Tarta de patata y almendra, Baja
Tarta de zapallitos verde, Baja
Tarta de frambuesas sin queso, Baja
Tarta de manzana y avellanas, Baja
Tarta de hojaldre con setas, Baja
Tarta de mascarpone con galletas, Baja
Tarta de chocolate con requeson, Medio
Tarta de queso con mascarpone, Baja
Tarta de requeson y manzana, Baja
Tarta de requeson y fresas, Baja
Tarta de queso sin azucar, Baja
Tarta de verduras al horno, Baja
Tarta de frutas sin horno, Baja
Tarta de cumpleaños rosa, Media
Tarta de manzana con maicena, Baja
Tarta de naranja con higos, Baja
Tarta de galletas y chocolate, Baja
Tarta tatin de pera, Baja
Tarta de chocolate con fresas, Baja
Tarta de manzana facil, Baja
Tarta de chuches corazon, N/A
Tarta de crema de mantequilla para tartas, Baja
Tarta de manzana alemana, Media
Tarta de cerveza negra, Media
Tarta de chocolate para Hallowen, N/A
Tarta de queso sin gluten, Baja
Tarta de cerveza guinness, Baja
Tarta de manzana en sarten, Media
Tarta de manzana de la abuela, Media
Tarta de gelatina de fresa, Baja
Tarta de cerezas frescas, Baja
Tarta de gelatina de limon, Baja
Tarta de queso y gengibre, Media
Tarta de leche facil, N/A
Tarta helado de yogur, Media
Tarta de manzana integral, Media
Tarta de banana split, Media
Tarta de limon y naranja, Media
Tarta Mont Blanc, Media
Tarta de Manzana para diabeticos, Media
Tarta de peras y chocolate, N/A
Tarta de queso sin lactosa, Baja
Tarta de manzana y ciruelas, Media
Tarta de queso para Hallowen, N/A
Tarta de calabaza para Hallowen, N/A
Tarta rellena de chocolate, Media
Tarta tatin de tomate, Media
Tarta de queso y miel, Baja
Tarta de manzana clasica, Media
Tarta de puerros sin masa, Baja
Tarta de zanahoria vegana, Baja
Tarta crujiente de amaretti, Baja
Tarta de manzana americana, Baja
Tarta de cumpleaños pocoyo, Media
Tarta de chuches facil, Baja
Tarta de mousse de cerezas, Baja
Tartas de fresa y coco, N/A
Tarta de cumpleaños de chocolate, Media
Tarta de turron esponjosa, N/A
Tarta de Santiago tradicional, Media
Tarta de calabaza al horno, Baja
Tarta de naranja confitada, N/A
Tarta de manzana con hojaldre, Baja
Tarta de chocolate suave, Media
Tarta de frutas tropicales, N/A
Tarta con champiñones y ricotta, Baja
Tarta de manzanas verdes, Baja
Tarta de Pedro Ximenez, N/A
Tarta de limon con merengue, Baja
Biscocho genoves para tartas, Baja
Cobertura de chocolate para Tartas, Baja
Tarta de atun con queso, Baja
Tarta Sacher Nestle, Baja
Tarta de piña fria, Baja
Tarta de peras al horno, Baja
Tarta de fresas con Thermomix, Media
Tarta de frutillas facil, Baja
Tarta Pavlova australiana, Media
Tarta de ricotta dulce, N/A
Tarta de jamon y queso, Muy baja
Tarta de nubes facil sin horno Tarta de malvadiscos o marshmallows, Media
Tarta de galletas con mousse de chocolate, Media
Tarta de queso keto al microondas, Baja
Tarta de choclo y salsa blanca, Baja
Tarta 3 chocolates sin nata, Baja
Tarta de ricotta y dulce de leche, Media
Tarta de leche condensada y chocolate, Baja
Tarta de piña con leche condensada, Baja
Tarta de galletas y chocolate de la abuela, Baja
Tarta de berengenas facil y ligth, Media
Tarta mousse de limon facil, Media
Tarta de queso y chocolate blanco, Baja
Tarta de galletas y natillas de chocolate, Baja
Tarta de flan y galletas Maria, Baja
Tarta de chocolate y queso sin horno, Baja
Tarta de queso con salsa de toffee, Baja
Tarta de manzana y arandanos vegana, Baja
Tarta de manzana con pan bimbo, Baja
Tarta de queso ligera al microondas, Baja
Tarta de coco y leche condensada, Baja
Tarta de chocolate fria con gelatina, Baja
Tarta especial Dia de la Madra, Media
Tarta de crema catalana facil, Media
Tarta de manzana y almendra molida, Baja
Tarta de chocolate y merengue crujiente, Media
Tarta de queso y caramelo salado, Baja
Tarta de manzanas con canela y pasas, Media
Tarta de quesitos y cuajada con Thermomix, Baja
Tarta de natillas y galletas sin horno, Baja
Tarta de manzana sin gluten y sin lactosa, Media
Tarta de piña y merengue al horno, Media
Tarta de chocolate y nata para cumpleaños, Media
Tarta de hoaldre con frutas del bosque, Media
Tarta de queso y yogur al horno, Baja
Tarta de zanahoria sin gluten y sin huevo, Baja
Tarta de chocolate y naranja fria, Baja
Tarta de piña con crema de almendras, Baja
Tarta de chocolate sin gluten y sin lactosa, Media
Tarta de chocolate y caramelo salado, Media
Tarta mousse de crema pastelera, Baja
Tarta de platano y chocolate sin horno, Media
Tarta de dos chocolates sin horno, Media
Tarta de galletas y dos chocolates, Baja
Tarta de qyeso ligera y sin horno, Baja
Tarta de queso sin horno con gelatina, Media
Tarta de cumpleaños casera para niños, Baja
Tarta de queso con fresas al horno, Baja
Tarta Kinder Bueno sin horno, Baja
Crema de Kinder Bueno para tartas, Baja
Tarta tatin de manzana y platano, Baja
Buttercream de chocolate para rellenar tartas, Baja
Tarta de fresa y nata sin horno, Baja
Tarta tres chocolates con cuajada, Baja
Tarta de fresa con queso crema, Media
Tarta de huesitos dos chocolates, Baja
Tarta de coco y galletas Maria, Baja
Tarta de manzana con masa quebrada, Media
Tarta tres chocolates con gelatina, Media
Tarta de cumpleaños con crema pastelera, Media
Tarta de dulce de leche y merengue, Media
Tarta de queso baja en calorias, Media
Tarta de galletas con chocolate blanco, Baja
Tarta de chocolate blanco sin horno, Baja
Tarta de queso con tres ingredientes, Baja
Tarta de Nutella y Oreo sin horno, Media
Tarta de zanahoria y chocolate blanco, Media
Cobertura de chocolate blanco para tartas, Baja
Tarta de cumpleaños de chocolate y galletas, Media
Tarta de manzana con crema pastelera, Media
Tarta de cumpleaños de nata y fresa, Media
Tarta de zanahora con crema de queso, Media
Tarta de queso con mermelada de moras, Media
Tarta de yemas y cerezas al kirsch, Baja
Tarta de uvas con crema pastelera, Media
Tarta de frutillas con gelatina light, Media
Tarta de cumpleaños- Peppa pig, Baja
Tarta helada de limon con galletas, N/A
Tartas individuales de tres leches, Baja
Tarta de tres chocolates sin horno, Baja
Tarta de chocolate blanco y fresas, N/A
Tarta de Manzana con masa batida, Media
Tarta de queso y galletas oreo, N/A
Tarta de queso limon y arandanos, Baja
Tarta de zanahoria y avena saludable, Baja
Tarta de chocolate y galletas sin horno, N/A
Tarta de queso Philadelphia y chohcolate, Baja
Tarta tiramisu paso a paso, Media
Tarta de fresas Para San Valentin, Baja
Tarta de chocolate en base de galletas, N/A
Tarta de fresas con crema pastelera, Media
Tarta de chocolate facil y rapida, Baja
Tarta de coco y dulce de leche, Baja
Tarta de jamon, queso y tomate, Baja
Tarta rellena de San Valentin, Media
Tarta navideña con frutos secos, Media
Tarta de palmitos, Media
Tarta de huesitos, Baja
Tarta acaramelada, Baja
Tarta Emperador, Media
Tarta de huevos, Baja
Tarta de bananas, Baja
Tarta de bizcochos, Baja
Tarta de cafe, Bajo
TARTA DE PLATANOS, Baja
Tarta de mascarpone, Baja
Tarta con cebolla, N/A
Tarta de naranja, N/A
Tarta blanca, N/A
Tarta de tiramisu, N/A
Tarta de Calabaza, N/A
Tarta de Amor, N/A
Tarta Capuchina, N/A
Tarta suiza, Baja
Tarta al roquefort, N/A
Tarta de manzanas, Baja
Tarta de limon, N/A
Tarta de almendras, Baja
Tarta de fresas, Baja
Tarta de manzana inglesa apple pie, Baja
Tarta de queso de La Viña San Sebastian, Muy baja
Tarta de queso y chocolate al horno muy facil, Baja
Tarta de manzana francesa facil y rapida, Baja
Tarta de queso salada al horno muy facil, Baja
Tarta de queso japonesa muy facil y original, Baja
Tarta de limon sin horno ni gelatina, Baja
Tarta de queso y leche condensada al horno, Baja
Tarta helada de galletas y leche condensada, Baja
Tarta de chocolate con lacasitos paso a paso, Media
Tarta de acelga o pascualina tradicional, Baja
Tarta chocolate y naranja paso a paso, Baja
Tarta mousse de fresa con base de galleta, Baja
Tarta de cebolla caramelizada y queso brie, Baja
Tarta de chocolate y fresas con masa quebrada , Baja
Bizcocho de chocolate jugoso para tarta fondant, Baja
Tarta de fresa con hojaldre y crema pastelera, Baja
Tarta de queso al horno con quesitos y nata, Baja
Tarta de coco y dulce de leche sin gluten, Baja
Tarta de brocoli y queso crema light, Media
Tarta de limon y merengue con base de galletas, Baja
Tarta salada de calabacin con cebolla y bacon, Media
Tarta de fresas con crema pastelera de vainilla, Baja
Tarta de galletas flan y chocolate sin horno, Baja
Tarta de queso y frutos rojos sin horno, Baja
Tarta de queso Philadelphia con leche condensada, Baja
Tarta facil de coco y dulce de leche, Baja
Totta de tres leches con coco, Media
Tarta helada contessa comtessa o viennetta, Baja
Torta de limon sin horno, Baja
Tarta de queso sin gelatina ni leche condensada, Baja
Tarta de brownie y cheesecake, Alta
Tarta de cebolla y puerro, Media
Tarta de cebolla y queso, Baja
Tarta de manzana al microondas, Baja
Tarta Guinness con Thermomix, Baja
Tarta de Santiago con Thermomix, Baja
Tarta de limon con Thermomix, Baja
Tarta de zanahoria con Thermomix, Media
Tarta salada de verduras, Baja
Tarta de hojaldre y manzana, Baja
Mochis de tarta de queso, Baja
Tarta de verduras asadas, Baja
Tarta de zapallitos y berenjena, Baja
Tarta de chocolate y piñones, Media
Tarta de queso con fresas, Baja
Tarta de arroz y mango, Media
Tarta de cebolla y salchichas, Media
Tarta de queso alemana, Baja
Tarta de Membrillo, N/A
Tarta de chocolate y sirope, Media
Tarta de Coca-Cola, Media
Tarta Saint honore, Baja
Tarta de boniato y almendras, Baja
Tarta de queso con quesitos, Baja
Tarta de zanahorias fria, Baja
Tarta de queso sin horno, Baja
Tarta helada de melocoton, Baja
Tarta semifria de yogurt, N/A
Tarta de zanahoria III, N/A
Tarta de crema de limon, N/A
Tarta de cebolla y bacon, N/A
Tarta de manzanas rojas, Media
Tarta de yautia con acelgas, Alta
Tarta de tiramisu facil, Baja
Tarta de chocolate y canela, Media
Tarta manzana de Sesc, Media
Tarta de queso con sobaos, Alta
Tarta fria de limon, Baja
Tarta de chocolate y melocotón, Baja
Tarta de calabaza y cebollas, Baja
Tarta de naranja facil, N/A
Tarta de ricota y crema, N/A
Tarta de trufa con nata, Media
Tarta de queso y arandanos, Baja
Tarta de naranjas y kiwis, N/A
Tarta de menta y chocolate, N/A
Tarta de chocolate con nueces, N/A
Tarta de queso a la pomarola, N/A
Tarta de limon tradicional, N/A
Tarta de queso siciliana, N/A
Tarta de chocolate con ricotta, N/A
Tarta de fresas Facil, N/A
Tarta de queso americana, Baja
Tarta de queso facilisima, Baja
Tarta de flan de ciruelas, N/A
Tarta de piña rapida, N/A
Tarta flan de queso, Baja
Tarta de fresas y nata, Baja
Tarta de queso con mora, N/A
Tarta de Santiago facil, Baja
Tarta de nueces y yema, Media
Tarta trufada con Thermomix, Media
Tarta de piña con Thermomix, Baja
